,Date,Open,High,Low,Close,Volume,Market Cap
0,2018-01-31,1071.09,1128.66,1034.5,1118.31,3757560000,104231000000
1,2018-01-30,1184.13,1184.63,1058.97,1071.13,4107860000,115207000000
2,2018-01-29,1246.7,1256.7,1169.08,1182.36,3715080000,121269000000
3,2018-01-28,1111.78,1257.77,1111.78,1246.01,5372330000,108122000000
4,2018-01-27,1055.75,1121.98,1042.12,1107.07,3002870000,102651000000
5,2018-01-26,1052.7,1080.6,996.78,1055.17,3617690000,102334000000
6,2018-01-25,1063.22,1104.66,1034.74,1056.03,4050190000,103335000000
7,2018-01-24,987.48,1062.44,965.81,1058.78,3944040000,95952700000
8,2018-01-23,1004.17,1023.23,920.54,986.23,3556700000,97554300000
9,2018-01-22,1055.35,1089.1,930.74,1003.26,3810100000,102504000000
10,2018-01-21,1155.68,1155.68,1021.5,1049.58,3378090000,112226000000
11,2018-01-20,1044.95,1167.11,1044.95,1155.15,3975190000,101451000000
12,2018-01-19,1028.82,1093.22,1003.71,1039.1,4084450000,99863900000
13,2018-01-18,1016.44,1100.31,967.76,1036.28,5938320000,98642100000
14,2018-01-17,1061.34,1090.23,780.92,1014.25,8545160000,102974000000
15,2018-01-16,1292.63,1292.63,875.54,1053.69,8405140000,125389000000
16,2018-01-15,1365.21,1390.59,1290.6,1291.92,4781100000,132404000000
17,2018-01-14,1397.48,1400.56,1286.21,1366.77,4841630000,135503000000
18,2018-01-13,1270.47,1432.88,1270.47,1396.42,5746760000,123163000000
19,2018-01-12,1158.29,1296.04,1120.09,1273.2,5222300000,112263000000
20,2018-01-11,1268.09,1337.3,1135.17,1154.93,7235900000,122879000000
21,2018-01-10,1300.34,1417.38,1226.6,1255.82,9214950000,125976000000
22,2018-01-09,1146.0,1320.98,1145.49,1299.74,7965460000,110999000000
23,2018-01-08,1158.26,1266.93,1016.05,1148.53,8450970000,112164000000
24,2018-01-07,1043.01,1153.17,1043.01,1153.17,5569880000,100981000000
25,2018-01-06,995.15,1060.71,994.62,1041.68,4662220000,96326500000
26,2018-01-05,975.75,1075.39,956.33,997.72,6683150000,94423900000
27,2018-01-04,961.71,1045.08,946.09,980.92,6502860000,93049400000
28,2018-01-03,886.0,974.47,868.45,962.72,5093160000,85703500000
29,2018-01-02,772.35,914.83,772.35,884.44,5783350000,74695700000
30,2018-01-01,755.76,782.53,742.0,772.64,2595760000,73075800000
31,2017-12-31,712.21,760.35,710.12,756.73,2554270000,68850800000
32,2017-12-30,753.82,753.82,685.23,717.26,3187780000,72856900000
33,2017-12-29,740.39,770.12,729.61,753.59,2648970000,71544300000
34,2017-12-28,762.21,763.32,701.19,737.02,2389150000,73637100000
35,2017-12-27,774.97,789.25,738.41,762.84,2100030000,74854100000
36,2017-12-26,763.37,786.79,760.93,773.84,2201160000,73717800000
37,2017-12-25,698.87,782.52,698.87,765.83,2491760000,67475100000
38,2017-12-24,721.77,721.77,614.92,694.15,2300550000,69671200000
39,2017-12-23,681.32,763.89,679.73,719.39,2480340000,65752100000
40,2017-12-22,822.64,827.68,543.76,674.86,4977710000,79374400000
41,2017-12-21,820.24,880.54,792.69,821.06,3569060000,79125300000
42,2017-12-20,827.52,845.06,756.0,819.09,3969940000,79810600000
43,2017-12-19,793.9,881.94,785.34,826.82,4096550000,76552200000
44,2017-12-18,721.73,803.93,689.23,794.64,3249230000,69578400000
45,2017-12-17,696.24,735.83,696.24,719.98,2147390000,67106400000
46,2017-12-16,686.19,718.38,680.79,696.21,2165690000,66124200000
47,2017-12-15,696.38,697.13,621.06,684.45,2758710000,67090900000
48,2017-12-14,700.59,753.12,664.99,695.82,3821580000,67482900000
49,2017-12-13,644.91,747.99,597.8,702.77,4524540000,62105600000
50,2017-12-12,522.29,657.32,504.49,651.43,5179830000,50286400000
51,2017-12-11,440.36,516.97,439.1,515.14,1771440000,42389300000
52,2017-12-10,472.79,472.79,429.51,441.72,1404180000,45501400000
53,2017-12-09,457.34,504.15,456.25,473.5,2003850000,44005600000
54,2017-12-08,434.99,466.06,422.37,456.03,2336380000,41845800000
55,2017-12-07,426.37,441.4,414.41,434.41,2129570000,41007600000
56,2017-12-06,462.6,462.71,420.21,428.59,1998260000,44483100000
57,2017-12-05,470.29,473.56,457.66,463.28,1216720000,45212800000
58,2017-12-04,466.05,474.78,453.31,470.2,1005550000,44795700000
59,2017-12-03,463.7,482.81,451.85,465.85,990557000,44560500000
60,2017-12-02,466.85,476.24,456.65,463.45,943650000,44853300000
61,2017-12-01,445.21,472.61,428.31,466.54,1247880000,42765000000
62,2017-11-30,431.21,465.5,401.24,447.11,1903040000,41411900000
63,2017-11-29,473.28,522.31,425.07,427.52,2675940000,45442100000
64,2017-11-28,480.52,482.48,466.35,472.9,1346500000,46127200000
65,2017-11-27,471.53,493.4,468.49,480.36,1396480000,45255000000
66,2017-11-26,465.97,472.72,451.61,471.33,1197780000,44712100000
67,2017-11-25,475.68,485.19,461.05,466.28,1422080000,45633400000
68,2017-11-24,412.5,480.97,402.76,474.91,2292830000,39564300000
69,2017-11-23,381.44,425.55,376.09,410.17,1845680000,36577300000
70,2017-11-22,360.31,381.42,360.15,380.65,800819000,34544000000
71,2017-11-21,367.44,372.47,350.69,360.4,949912000,35220200000
72,2017-11-20,354.09,372.14,353.29,366.73,807027000,33933400000
73,2017-11-19,347.4,371.29,344.74,354.39,1181530000,33284900000
74,2017-11-18,331.98,349.62,327.69,347.61,649639000,31800700000
75,2017-11-17,330.17,334.96,327.52,332.39,621733000,31620300000
76,2017-11-16,333.44,336.16,323.61,330.92,797254000,31927300000
77,2017-11-15,337.96,340.91,329.81,333.36,722666000,32353200000
78,2017-11-14,316.76,340.18,316.76,337.63,1069680000,30317300000
79,2017-11-13,307.02,328.42,307.02,316.72,1041890000,29379000000
80,2017-11-12,314.69,319.15,298.51,307.91,1613480000,30106200000
81,2017-11-11,298.59,319.45,298.19,314.68,842301000,28559400000
82,2017-11-10,320.67,324.72,294.54,299.25,885986000,30665200000
83,2017-11-09,308.64,329.45,307.06,320.88,893250000,29509000000
84,2017-11-08,294.27,318.7,293.1,309.07,967956000,28128700000
85,2017-11-07,298.57,304.84,290.77,294.66,540766000,28533300000
86,2017-11-06,296.43,305.42,293.72,298.89,579359000,28322700000
87,2017-11-05,300.04,301.37,295.12,296.26,337658000,28661500000
88,2017-11-04,305.48,305.48,295.8,300.47,416479000,29175300000
89,2017-11-03,288.5,308.31,287.69,305.71,646340000,27547400000
90,2017-11-02,290.73,293.91,281.17,287.43,904901000,27754200000
91,2017-11-01,305.76,306.4,290.58,291.69,553864000,29183600000
92,2017-10-31,307.38,310.55,305.88,305.88,369583000,29331500000
93,2017-10-30,304.78,310.5,304.35,307.75,331442000,29077600000
94,2017-10-29,296.38,313.75,296.38,305.09,551752000,28270200000
95,2017-10-28,297.92,300.36,293.58,296.3,264424000,28410400000
96,2017-10-27,296.51,299.26,294.06,297.42,257169000,28270100000
97,2017-10-26,298.02,301.07,295.22,296.53,270273000,28408400000
98,2017-10-25,298.44,301.85,290.72,297.93,325040000,28442000000
99,2017-10-24,287.12,311.96,282.66,298.33,684281000,27357500000
100,2017-10-23,295.1,295.75,277.57,286.95,482336000,28111400000
101,2017-10-22,300.55,305.5,292.81,295.45,327387000,28624800000
102,2017-10-21,303.57,303.93,291.77,300.19,408014000,28906600000
103,2017-10-20,308.05,311.44,303.49,304.01,396673000,29326300000
104,2017-10-19,314.54,316.71,305.83,308.09,349830000,29937900000
105,2017-10-18,316.94,317.24,290.64,314.32,606114000,30160500000
106,2017-10-17,333.48,333.48,311.79,317.08,509924000,31727700000
107,2017-10-16,336.71,349.35,332.04,333.38,692885000,32029200000
108,2017-10-15,339.53,342.72,320.43,336.6,635407000,32292100000
109,2017-10-14,338.85,347.98,334.7,339.63,516562000,32222400000
110,2017-10-13,304.08,348.6,299.66,338.76,1304360000,28911100000
111,2017-10-12,303.5,309.15,303.29,304.14,527557000,28851200000
112,2017-10-11,301.18,304.39,299.1,303.46,264146000,28626300000
113,2017-10-10,297.6,306.15,293.17,299.87,359706000,28281400000
114,2017-10-09,308.67,309.31,288.19,297.39,559467000,29328300000
115,2017-10-08,311.06,312.54,308.03,308.61,293167000,29550900000
116,2017-10-07,308.89,313.13,304.98,311.12,342205000,29340400000
117,2017-10-06,295.15,308.84,294.95,308.59,318664000,28031100000
118,2017-10-05,292.77,298.04,288.84,295.86,253747000,27800400000
119,2017-10-04,292.75,299.39,290.89,292.66,257906000,27794100000
120,2017-10-03,297.48,300.11,288.13,292.46,321680000,28238500000
121,2017-10-02,302.48,302.92,294.58,297.48,339443000,28708500000
122,2017-10-01,301.55,303.19,295.06,302.34,306185000,28615200000
123,2017-09-30,291.48,303.96,291.11,301.46,332439000,27655200000
124,2017-09-29,299.12,299.92,279.77,291.47,541375000,28375900000
125,2017-09-28,306.47,307.2,295.47,299.15,501894000,29068700000
126,2017-09-27,287.02,308.01,286.82,306.47,550244000,27219400000
127,2017-09-26,292.35,293.75,287.02,287.44,345801000,27720000000
128,2017-09-25,282.22,293.51,281.88,292.33,483161000,26755500000
129,2017-09-24,286.21,292.95,278.13,282.48,571411000,27129900000
130,2017-09-23,264.6,286.17,261.12,286.17,450934000,25077100000
131,2017-09-22,258.11,270.54,256.22,264.31,430081000,24458400000
132,2017-09-21,283.26,286.61,255.02,258.58,601266000,26836000000
133,2017-09-20,282.01,290.89,278.05,283.74,421404000,26712400000
134,2017-09-19,293.66,295.77,274.48,282.8,646909000,27809300000
135,2017-09-18,252.23,293.5,252.23,293.5,1127750000,23881200000
136,2017-09-17,245.85,257.0,235.24,251.75,427452000,23272500000
137,2017-09-16,250.87,262.59,238.22,246.52,711737000,23742600000
138,2017-09-15,215.22,258.65,195.03,250.46,1935700000,20364900000
139,2017-09-14,276.59,280.84,213.91,213.91,1184590000,26166100000
140,2017-09-13,291.12,291.12,260.61,277.11,921692000,27535700000
141,2017-09-12,294.63,311.19,287.23,291.46,753144000,27861800000
142,2017-09-11,289.75,300.69,286.69,294.53,571307000,27394400000
143,2017-09-10,294.06,294.76,268.97,288.75,698326000,27797200000
144,2017-09-09,296.17,299.89,287.22,294.4,528621000,27990500000
145,2017-09-08,329.64,329.64,285.16,296.5,1098780000,31147200000
146,2017-09-07,333.52,333.52,319.94,329.43,718624000,31507500000
147,2017-09-06,313.8,334.66,313.49,334.34,1058830000,29639100000
148,2017-09-05,297.57,318.57,268.29,312.99,1551050000,28100000000
149,2017-09-04,347.13,347.13,279.94,295.17,1801690000,32774000000
150,2017-09-03,350.23,366.49,332.23,347.48,986266000,33059800000
151,2017-09-02,387.82,389.35,328.1,348.98,1483600000,36601200000
152,2017-09-01,383.47,390.04,383.47,387.74,874222000,36182900000
153,2017-08-31,378.44,386.14,376.35,383.04,706254000,35701500000
154,2017-08-30,369.47,388.75,361.97,378.49,1333320000,34848400000
155,2017-08-29,347.96,373.76,347.79,370.67,1220030000,32813200000
156,2017-08-28,350.04,352.05,338.41,347.75,854319000,33002700000
157,2017-08-27,334.36,347.89,334.36,347.89,633370000,31517500000
158,2017-08-26,331.99,334.99,327.92,333.88,514181000,31288300000
159,2017-08-25,326.11,336.4,325.8,331.92,760329000,30727900000
160,2017-08-24,317.45,327.96,317.08,325.61,697665000,29904600000
161,2017-08-23,315.27,324.21,314.54,317.52,811990000,29691900000
162,2017-08-22,321.06,327.36,297.91,314.79,1336400000,30229900000
163,2017-08-21,300.48,347.05,297.23,321.59,2448970000,28285500000
164,2017-08-20,296.64,301.43,291.58,301.43,571947000,27918100000
165,2017-08-19,296.18,301.67,286.18,297.47,860202000,27867900000
166,2017-08-18,301.7,307.96,292.5,295.59,936160000,28380200000
167,2017-08-17,302.81,311.03,300.25,301.46,909494000,28477500000
168,2017-08-16,289.82,303.41,285.38,302.27,967643000,27249700000
169,2017-08-15,299.95,300.41,279.33,289.82,1051800000,28195800000
170,2017-08-14,298.03,306.81,296.41,300.1,864391000,28008700000
171,2017-08-13,310.37,310.82,289.31,298.06,1369370000,29161100000
172,2017-08-12,308.71,317.56,307.9,310.6,1111650000,28998700000
173,2017-08-11,294.5,309.21,294.5,308.86,953576000,27657000000
174,2017-08-10,296.96,306.59,289.93,295.89,1076820000,27882200000
175,2017-08-09,297.63,318.72,276.69,296.03,2638580000,27938700000
176,2017-08-08,269.1,298.91,266.8,296.77,1502410000,25254600000
177,2017-08-07,261.24,271.96,256.69,269.18,935727000,24511000000
178,2017-08-06,256.42,271.05,252.85,261.57,1482980000,24053500000
179,2017-08-05,222.85,256.51,221.95,256.51,1333000000,20900000000
180,2017-08-04,225.31,227.62,222.06,223.07,539783000,21125600000
181,2017-08-03,220.18,228.29,219.89,225.34,557217000,20640100000
182,2017-08-02,227.01,229.51,218.12,219.95,632606000,21275200000
183,2017-08-01,204.69,227.74,204.69,226.77,1585330000,19179100000
184,2017-07-31,197.41,203.87,193.41,203.87,569414000,18492000000
185,2017-07-30,206.74,208.54,196.15,197.98,596234000,19360900000
186,2017-07-29,193.34,208.68,179.65,205.79,824355000,18101800000
187,2017-07-28,204.32,204.9,192.3,193.12,562571000,19125100000
188,2017-07-27,204.86,206.44,201.26,204.32,393283000,19169800000
189,2017-07-26,207.09,210.77,194.78,203.95,717692000,19373400000
190,2017-07-25,224.37,225.32,195.84,206.71,1095760000,20985200000
191,2017-07-24,226.28,227.54,222.45,224.71,431691000,21158500000
192,2017-07-23,229.12,231.68,217.72,225.95,649615000,21418300000
193,2017-07-22,217.86,232.7,216.87,229.48,618260000,20360100000
194,2017-07-21,226.06,235.12,213.01,218.31,1006130000,21121100000
195,2017-07-20,205.42,233.9,203.22,227.26,2225000000,19187800000
196,2017-07-19,234.94,245.65,191.75,199.7,2328790000,21939300000
197,2017-07-18,195.03,267.99,182.06,234.39,2709260000,18207400000
198,2017-07-17,159.99,194.75,158.04,193.42,1669500000,14932700000
199,2017-07-16,169.57,172.01,133.72,157.36,1516890000,15823100000
200,2017-07-15,199.71,200.16,170.66,170.66,810452000,18630200000
201,2017-07-14,209.53,211.1,187.37,199.66,749382000,19541300000
202,2017-07-13,231.81,231.81,200.06,209.73,828489000,21613900000
203,2017-07-12,197.15,230.77,189.59,230.77,1241190000,18377600000
204,2017-07-11,211.53,220.29,183.39,197.4,1440950000,19712300000
205,2017-07-10,243.01,243.07,196.97,215.36,937219000,22640500000
206,2017-07-09,251.82,255.1,242.14,242.14,505118000,23454700000
207,2017-07-08,245.89,273.48,236.55,251.7,754958000,22890700000
208,2017-07-07,270.35,273.94,244.17,245.99,687252000,25160800000
209,2017-07-06,268.86,278.48,265.51,270.55,623080000,25019500000
210,2017-07-05,273.1,275.13,261.45,268.77,790256000,25406900000
211,2017-07-04,282.19,287.39,273.11,273.3,687691000,26245000000
212,2017-07-03,288.41,291.1,281.18,282.9,851408000,26815900000
213,2017-07-02,275.12,295.51,262.52,287.99,1123330000,25572800000
214,2017-07-01,293.35,293.75,268.62,274.6,1089200000,27259400000
215,2017-06-30,303.15,315.17,288.44,294.92,1011800000,28161900000
216,2017-06-29,328.37,330.71,297.37,302.88,1508580000,30495300000
217,2017-06-28,293.04,333.1,276.41,327.93,2056550000,27207000000
218,2017-06-27,272.69,293.09,227.14,293.09,1973870000,25309700000
219,2017-06-26,302.95,311.46,238.65,272.69,2081810000,28111200000
220,2017-06-25,323.47,332.79,284.65,303.25,1186880000,30005900000
221,2017-06-24,341.63,343.62,322.09,323.7,673585000,31681300000
222,2017-06-23,336.49,348.01,334.99,341.74,593207000,31195900000
223,2017-06-22,337.73,342.03,330.62,336.37,925767000,31302600000
224,2017-06-21,359.54,361.34,319.48,336.87,1420130000,33310500000
225,2017-06-20,370.33,377.97,350.94,359.0,1020390000,34304000000
226,2017-06-19,371.86,377.12,369.76,370.06,685172000,34435700000
227,2017-06-18,379.52,390.58,368.84,371.46,904703000,35133800000
228,2017-06-17,369.88,379.41,364.0,379.41,904653000,34231300000
229,2017-06-16,361.18,373.06,341.42,370.23,1096280000,33415800000
230,2017-06-15,358.51,364.44,300.7,361.93,2463450000,33158200000
231,2017-06-14,397.59,399.32,342.21,359.05,1272580000,36761600000
232,2017-06-13,395.69,411.18,370.06,397.54,1717380000,36574500000
233,2017-06-12,341.16,414.76,341.16,401.49,2882650000,31525300000
234,2017-06-11,338.79,353.01,318.17,340.61,1373220000,31296800000
235,2017-06-10,282.01,350.26,282.01,337.67,1611630000,26043700000
236,2017-06-09,261.75,282.76,261.75,281.74,557986000,24165000000
237,2017-06-08,257.99,262.25,253.97,261.67,385494000,23810900000
238,2017-06-07,264.26,264.67,254.04,258.07,461649000,24382200000
239,2017-06-06,248.6,267.51,246.84,264.47,741553000,22930400000
240,2017-06-05,245.26,249.47,243.05,248.46,435660000,22615800000
241,2017-06-04,224.12,250.41,223.98,245.33,753820000,20659800000
242,2017-06-03,223.46,225.97,219.42,224.38,427896000,20593500000
243,2017-06-02,222.29,229.41,219.58,223.78,469532000,20479000000
244,2017-06-01,230.89,236.22,214.48,222.24,812924000,21264800000
245,2017-05-31,231.58,236.97,215.57,230.67,1271600000,21321900000
246,2017-05-30,195.61,233.71,189.29,231.91,1586670000,18004700000
247,2017-05-29,170.13,197.13,164.53,194.91,718828000,15654600000
248,2017-05-28,158.82,179.94,157.6,170.51,717971000,14608600000
249,2017-05-27,159.82,166.95,120.44,157.76,1217060000,14696000000
250,2017-05-26,175.22,193.69,150.28,160.4,792458000,16107000000
251,2017-05-25,189.85,210.98,170.51,174.45,943637000,17446600000
252,2017-05-24,182.65,228.37,182.45,190.05,561014000,16779700000
253,2017-05-23,170.82,183.55,169.93,181.95,530709000,15688000000
254,2017-05-22,158.17,201.75,152.47,174.26,1188910000,14522100000
255,2017-05-21,127.54,159.03,125.89,157.94,570361000,11705700000
256,2017-05-20,129.22,133.64,124.7,126.52,331455000,11856600000
257,2017-05-19,97.05,133.56,97.05,129.53,626945000,8902240000
258,2017-05-18,89.84,97.37,89.84,96.91,196237000,8238110000
259,2017-05-17,89.25,91.27,84.43,89.86,183031000,8181520000
260,2017-05-16,92.39,93.56,89.12,89.44,152285000,8466470000
261,2017-05-15,90.78,95.43,86.83,92.41,170999000,8316930000
262,2017-05-14,90.87,91.25,89.61,90.79,66046600,8322380000
263,2017-05-13,88.69,93.81,86.66,90.84,88742200,8120390000
264,2017-05-12,89.43,93.12,88.66,88.66,145825000,8184930000
265,2017-05-11,89.77,102.55,88.48,89.88,132722000,8213570000
266,2017-05-10,91.15,92.85,85.29,89.52,145602000,8337180000
267,2017-05-09,91.23,93.06,80.39,91.16,363434000,8341490000
268,2017-05-08,93.75,95.14,89.51,91.42,231344000,8569060000
269,2017-05-07,97.87,98.24,89.87,94.01,183295000,8942950000
270,2017-05-06,94.91,97.88,90.95,97.81,151462000,8669910000
271,2017-05-05,96.73,103.23,92.22,94.4,331928000,8833520000
272,2017-05-04,79.72,97.56,79.43,96.98,366847000,7277480000
273,2017-05-03,77.25,80.1,75.76,79.72,141922000,7050050000
274,2017-05-02,76.65,79.35,74.38,77.26,193773000,6992980000
275,2017-05-01,79.32,82.52,73.09,76.3,376842000,7234070000
276,2017-04-30,68.54,79.02,68.35,79.02,229945000,6248840000
277,2017-04-29,71.39,71.9,66.78,68.38,165448000,6506490000
278,2017-04-28,62.23,70.85,62.13,70.16,346546000,5669550000
279,2017-04-27,52.81,62.17,52.29,62.17,246775000,4809630000
280,2017-04-26,49.91,53.44,49.91,52.72,104884000,4544370000
281,2017-04-25,50.07,50.3,49.81,49.89,38264600,4557870000
282,2017-04-24,48.87,50.18,48.87,50.03,55580600,4446470000
283,2017-04-23,48.59,48.89,48.17,48.49,36234000,4420040000
284,2017-04-22,48.18,48.74,48.17,48.55,37357600,4381290000
285,2017-04-21,49.64,49.66,48.14,48.22,45048300,4512610000
286,2017-04-20,48.13,49.99,48.13,49.67,79600900,4373800000
287,2017-04-19,50.73,50.95,47.26,48.31,76281000,4608260000
288,2017-04-18,48.32,51.03,48.3,50.71,78748500,4387860000
289,2017-04-17,48.66,48.75,48.05,48.3,44013300,4417310000
290,2017-04-16,49.04,49.14,48.19,48.72,31343800,4450140000
291,2017-04-15,47.65,49.57,47.18,49.1,66207800,4323100000
292,2017-04-14,49.97,50.05,46.76,47.57,91674400,4531810000
293,2017-04-13,46.31,50.91,46.31,50.22,157200000,4198420000
294,2017-04-12,43.46,47.23,43.11,46.29,88045700,3938930000
295,2017-04-11,43.5,44.25,43.3,43.41,38303300,3941100000
296,2017-04-10,43.28,44.14,42.42,43.44,44061500,3919520000
297,2017-04-09,44.28,44.49,42.89,43.27,55143000,4009010000
298,2017-04-08,41.8,45.21,41.73,44.31,74138800,3783000000
299,2017-04-07,42.87,44.04,41.65,42.16,81474700,3878210000
300,2017-04-06,45.22,45.64,40.9,43.24,147120000,4089930000
301,2017-04-05,44.66,47.84,44.54,45.3,119733000,4037940000
302,2017-04-04,43.92,45.74,41.72,44.64,157568000,3969730000
303,2017-04-03,48.82,48.82,43.41,44.36,190513000,4411030000
304,2017-04-02,50.74,51.27,45.43,48.75,134604000,4582700000
305,2017-04-01,50.03,51.93,48.88,50.7,92461900,4517510000
306,2017-03-31,51.75,51.77,47.38,50.04,151416000,4671190000
307,2017-03-30,53.12,53.31,51.87,52.21,86885700,4793280000
308,2017-03-29,50.57,53.87,50.55,53.13,144998000,4561150000
309,2017-03-28,49.71,50.96,49.15,50.77,97745300,4482160000
310,2017-03-27,51.31,52.46,48.93,49.67,118978000,4624990000
311,2017-03-26,50.77,51.8,49.28,50.52,106859000,4574540000
312,2017-03-25,53.58,53.58,48.31,51.25,223059000,4825700000
313,2017-03-24,43.64,54.14,43.21,53.11,297046000,3929230000
314,2017-03-23,42.57,44.75,41.3,43.68,100724000,3831310000
315,2017-03-22,43.12,43.52,39.69,42.34,113952000,3880120000
316,2017-03-21,43.51,44.26,42.37,43.15,91265400,3913620000
317,2017-03-20,44.83,46.23,42.44,43.39,154701000,4031270000
318,2017-03-19,35.53,47.0,35.34,44.74,239430000,3193600000
319,2017-03-18,46.87,46.87,31.7,34.16,262180000,4211830000
320,2017-03-17,45.93,55.11,38.21,46.83,497534000,4125480000
321,2017-03-16,35.36,47.17,35.36,46.35,454418000,3174750000
322,2017-03-15,28.65,35.06,28.43,35.06,170344000,2571160000
323,2017-03-14,28.57,29.93,27.32,28.65,101797000,2563700000
324,2017-03-13,23.5,30.6,23.5,28.59,255488000,2108300000
325,2017-03-12,21.46,23.44,21.38,23.44,74628900,1924660000
326,2017-03-11,19.37,21.59,19.01,21.47,69150100,1736630000
327,2017-03-10,17.74,19.66,17.68,19.33,87506800,1589640000
328,2017-03-09,16.64,17.87,16.37,17.75,31418400,1490500000
329,2017-03-08,18.88,18.88,16.65,16.65,44304600,1690760000
330,2017-03-07,19.58,19.63,18.64,18.89,37972200,1752530000
331,2017-03-06,19.28,20.1,19.11,19.61,32432700,1725360000
332,2017-03-05,18.5,19.42,18.23,19.3,26816300,1655030000
333,2017-03-04,19.52,20.05,18.62,18.62,27341900,1745140000
334,2017-03-03,19.04,20.67,18.41,19.46,95863400,1702140000
335,2017-03-02,17.36,19.35,16.95,19.03,83627100,1550750000
336,2017-03-01,15.85,17.37,15.56,17.35,44927500,1415510000
337,2017-02-28,15.45,16.06,15.12,15.82,65478900,1379600000
338,2017-02-27,14.51,15.68,14.27,15.4,31667000,1294770000
339,2017-02-26,13.52,14.54,13.4,14.52,20307500,1206150000
340,2017-02-25,13.06,13.72,12.98,13.55,18533900,1165230000
341,2017-02-24,13.13,13.23,12.88,13.07,19574400,1171110000
342,2017-02-23,12.6,13.21,12.56,13.12,14522300,1122910000
343,2017-02-22,12.69,12.76,12.55,12.6,10360900,1130460000
344,2017-02-21,12.34,12.77,12.21,12.67,15183300,1099330000
345,2017-02-20,12.77,12.9,12.43,12.43,12994400,1136610000
346,2017-02-19,12.82,12.87,12.71,12.76,7799740,1140870000
347,2017-02-18,12.71,12.83,12.68,12.81,9370010,1130750000
348,2017-02-17,12.9,12.91,12.66,12.68,11636500,1147260000
349,2017-02-16,12.92,12.92,12.54,12.9,38002600,1148860000
350,2017-02-15,13.04,13.04,12.64,12.92,18464700,1159000000
351,2017-02-14,11.29,13.33,11.29,13.03,42911500,1002810000
352,2017-02-13,11.38,11.39,11.17,11.27,7216520,1011080000
353,2017-02-12,11.35,11.4,11.3,11.4,6264900,1008030000
354,2017-02-11,11.29,11.43,11.24,11.35,7544520,1002130000
355,2017-02-10,11.04,11.34,10.78,11.28,11914200,979961000
356,2017-02-09,11.44,11.6,10.67,11.03,18400300,1014280000
357,2017-02-08,11.54,11.63,11.24,11.43,9688630,1023170000
358,2017-02-07,11.43,11.61,11.41,11.52,7629640,1012620000
359,2017-02-06,11.35,11.48,11.34,11.39,5695440,1005930000
360,2017-02-05,11.44,11.49,11.32,11.35,5942960,1013400000
361,2017-02-04,11.13,11.5,11.13,11.43,14139500,985277000
362,2017-02-03,10.81,11.11,10.76,11.11,12897800,956944000
363,2017-02-02,10.74,10.89,10.55,10.82,10172500,949793000
364,2017-02-01,10.74,10.85,10.56,10.73,12852200,949969000
365,2017-01-31,10.56,10.75,10.54,10.73,11648700,933975000
366,2017-01-30,10.49,10.71,10.47,10.57,8042180,927415000
367,2017-01-29,10.56,10.57,10.45,10.48,4689950,933087000
368,2017-01-28,10.54,10.58,10.43,10.56,6580700,930688000
369,2017-01-27,10.58,10.61,10.44,10.54,7189170,934404000
370,2017-01-26,10.57,10.67,10.51,10.59,8465020,932575000
371,2017-01-25,10.62,10.62,10.48,10.57,6751450,936769000
372,2017-01-24,10.73,10.77,10.57,10.63,8327330,946083000
373,2017-01-23,10.71,10.84,10.67,10.82,7267210,944159000
374,2017-01-22,10.91,10.97,10.58,10.7,8678620,961463000
375,2017-01-21,10.6,10.98,10.58,10.91,11937600,933405000
376,2017-01-20,10.39,10.76,10.35,10.6,10992800,914696000
377,2017-01-19,10.24,10.44,10.18,10.4,8347550,901484000
378,2017-01-18,10.3,10.52,9.94,10.23,10788200,906079000
379,2017-01-17,9.64,10.61,9.54,10.3,18391900,847981000
380,2017-01-16,9.88,9.93,9.58,9.64,14937400,869126000
381,2017-01-15,9.83,10.0,9.6,9.9,14837900,864037000
382,2017-01-14,9.79,9.89,9.44,9.65,20085800,859971000
383,2017-01-13,9.83,9.85,9.51,9.77,25066600,863241000
384,2017-01-12,9.72,10.08,9.18,9.86,30453800,853638000
385,2017-01-11,10.54,10.66,9.46,9.72,26823500,925320000
386,2017-01-10,10.37,10.69,10.29,10.55,10879700,909897000
387,2017-01-09,10.31,10.78,10.14,10.33,25718300,904682000
388,2017-01-08,9.87,10.39,9.83,10.29,16676600,865667000
389,2017-01-07,10.24,10.28,9.59,9.87,23153600,897636000
390,2017-01-06,10.29,10.63,9.63,10.25,29471800,901249000
391,2017-01-05,11.29,11.89,9.4,10.25,41557400,988599000
392,2017-01-04,9.71,11.28,9.56,11.25,41051200,850115000
393,2017-01-03,8.37,10.0,8.32,9.73,33625200,732988000
394,2017-01-02,8.17,8.44,8.05,8.38,14579600,714900000
395,2017-01-01,7.98,8.47,7.98,8.17,14731700,698149000
396,2016-12-31,8.15,8.16,7.91,7.97,9066800,712662000
397,2016-12-30,8.29,8.47,8.05,8.16,13909900,724528000
398,2016-12-29,7.54,8.53,7.54,8.28,27543800,658674000
399,2016-12-28,7.15,7.62,7.08,7.52,17453300,624359000
400,2016-12-27,7.28,7.32,7.09,7.17,8778610,635260000
401,2016-12-26,7.13,7.33,7.05,7.27,5836810,622439000
402,2016-12-25,7.26,7.34,7.14,7.18,8671840,633792000
403,2016-12-24,7.15,7.41,7.15,7.27,7626020,623759000
404,2016-12-23,7.58,7.69,7.16,7.17,19613100,660546000
405,2016-12-22,7.9,7.91,7.5,7.58,16376700,688380000
406,2016-12-21,7.66,7.94,7.66,7.91,9393550,667625000
407,2016-12-20,7.63,7.75,7.57,7.66,6313550,664772000
408,2016-12-19,7.87,7.87,7.63,7.64,5894760,685054000
409,2016-12-18,7.86,7.93,7.72,7.87,5890020,684028000
410,2016-12-17,7.86,7.9,7.52,7.88,8502620,683357000
411,2016-12-16,7.86,7.93,7.8,7.86,5178610,683399000
412,2016-12-15,8.24,8.24,7.72,7.83,13184400,715861000
413,2016-12-14,8.45,8.52,8.25,8.27,7337220,734382000
414,2016-12-13,8.52,8.53,8.35,8.42,4486190,740099000
415,2016-12-12,8.19,8.61,8.17,8.52,9119700,711348000
416,2016-12-11,8.13,8.27,8.1,8.19,5545500,705363000
417,2016-12-10,8.44,8.53,8.02,8.13,8108370,732173000
418,2016-12-09,8.17,8.67,8.05,8.45,12916300,708468000
419,2016-12-08,8.38,8.86,8.23,8.23,16042700,726878000
420,2016-12-07,7.89,8.54,7.33,8.38,22229600,684258000
421,2016-12-06,6.8,7.92,5.98,7.87,50671200,589548000
422,2016-12-05,7.41,7.64,6.66,6.82,17344500,641820000
423,2016-12-04,7.9,7.95,7.44,7.44,8450790,684258000
424,2016-12-03,7.77,8.15,7.67,7.92,12112100,672138000
425,2016-12-02,8.46,8.46,7.42,7.76,18579800,731520000
426,2016-12-01,8.6,8.65,8.36,8.45,5882340,743882000
427,2016-11-30,8.16,8.75,8.16,8.59,10626600,705040000
428,2016-11-29,8.73,8.74,7.88,8.17,17000400,754307000
429,2016-11-28,9.0,9.01,8.72,8.72,6046890,777311000
430,2016-11-27,9.31,9.33,8.78,9.0,8707660,804085000
431,2016-11-26,9.42,9.5,9.31,9.33,3505990,812795000
432,2016-11-25,9.23,9.75,9.21,9.4,7669720,796268000
433,2016-11-24,9.85,9.85,8.93,9.23,15987800,849229000
434,2016-11-23,9.92,9.96,9.76,9.84,4812310,855265000
435,2016-11-22,9.63,10.24,9.59,9.91,11284400,829616000
436,2016-11-21,9.58,9.64,9.54,9.62,3663210,825381000
437,2016-11-20,9.66,9.71,9.52,9.58,5173420,832050000
438,2016-11-19,9.48,9.75,9.48,9.66,5186540,816380000
439,2016-11-18,9.99,10.01,9.48,9.48,10816100,859571000
440,2016-11-17,10.06,10.19,9.92,9.99,6984700,865393000
441,2016-11-16,10.22,10.33,9.93,10.06,9533550,878610000
442,2016-11-15,9.97,10.32,9.85,10.22,6557550,857223000
443,2016-11-14,10.1,10.16,9.96,9.97,3573250,867755000
444,2016-11-13,9.89,10.41,9.84,10.1,8227770,849342000
445,2016-11-12,10.29,10.34,9.7,9.88,10052500,883780000
446,2016-11-11,10.51,10.57,10.26,10.29,6056300,902479000
447,2016-11-10,10.67,10.68,10.51,10.52,4253980,915940000
448,2016-11-09,10.82,10.83,10.22,10.66,14606600,928063000
449,2016-11-08,10.85,10.92,10.74,10.83,6258150,930345000
450,2016-11-07,10.9,10.96,10.78,10.81,5992480,934536000
451,2016-11-06,10.99,11.25,10.85,10.87,5688710,941729000
452,2016-11-05,11.09,11.24,10.88,11.0,5502670,950213000
453,2016-11-04,10.82,11.12,10.82,11.09,9958040,926129000
454,2016-11-03,10.8,11.11,10.76,10.8,15228600,924097000
455,2016-11-02,10.77,11.16,10.69,10.75,11691700,921691000
456,2016-11-01,10.96,11.18,10.3,10.77,22901300,937123000
457,2016-10-31,11.23,11.5,10.94,11.0,13393900,960008000
458,2016-10-30,10.43,11.45,10.29,11.18,16694900,891164000
459,2016-10-29,11.1,11.2,9.56,10.44,27070400,948271000
460,2016-10-28,11.47,11.58,10.95,11.09,13971500,979916000
461,2016-10-27,11.53,11.61,11.26,11.5,13255400,984361000
462,2016-10-26,11.38,11.66,11.38,11.53,10221800,971440000
463,2016-10-25,11.97,11.99,11.15,11.41,19316000,1020850000
464,2016-10-24,12.04,12.1,11.91,11.97,5739690,1026400000
465,2016-10-23,12.13,12.14,11.94,12.04,5774660,1033970000
466,2016-10-22,12.18,12.19,11.95,12.07,7583820,1037850000
467,2016-10-21,12.13,12.21,12.02,12.18,5676920,1033140000
468,2016-10-20,12.05,12.29,12.0,12.1,8170760,1025620000
469,2016-10-19,12.59,12.62,11.91,12.02,10576200,1071710000
470,2016-10-18,12.0,12.93,12.0,12.59,18864200,1020530000
471,2016-10-17,11.96,12.03,11.86,12.01,5724440,1016710000
472,2016-10-16,11.98,12.01,11.93,11.95,3617280,1018540000
473,2016-10-15,11.94,12.0,11.78,11.98,4991840,1014280000
474,2016-10-14,11.99,12.07,11.9,11.94,4333510,1018390000
475,2016-10-13,11.91,12.13,11.78,11.96,8665190,1011190000
476,2016-10-12,11.78,12.07,11.71,11.93,9694640,1000220000
477,2016-10-11,11.76,12.16,11.75,11.79,11727700,997949000
478,2016-10-10,12.06,12.06,11.62,11.76,10809200,1022860000
479,2016-10-09,12.22,12.36,11.98,12.05,7208480,1035590000
480,2016-10-08,12.67,12.69,12.05,12.22,11611200,1073990000
481,2016-10-07,12.85,12.99,12.53,12.67,8933050,1088570000
482,2016-10-06,13.03,13.14,12.69,12.85,12044800,1102940000
483,2016-10-05,13.28,13.35,13.04,13.04,9881370,1124270000
484,2016-10-04,13.45,13.53,13.21,13.28,8348280,1137980000
485,2016-10-03,13.2,13.49,13.19,13.45,7458320,1116600000
486,2016-10-02,13.18,13.3,13.14,13.2,4079660,1114200000
487,2016-10-01,13.2,13.31,13.05,13.17,6331160,1115690000
488,2016-09-30,13.08,13.34,13.02,13.22,5950840,1104530000
489,2016-09-29,13.28,13.34,13.07,13.07,5990630,1121060000
490,2016-09-28,13.11,13.48,13.08,13.27,10239000,1106330000
491,2016-09-27,12.86,13.21,12.86,13.1,6831070,1085330000
492,2016-09-26,13.17,13.17,12.74,12.82,7213070,1110700000
493,2016-09-25,12.85,13.11,12.8,13.1,5283440,1083510000
494,2016-09-24,13.32,13.34,12.68,12.88,9824880,1122670000
495,2016-09-23,13.21,13.45,13.1,13.33,9166430,1112590000
496,2016-09-22,13.66,13.66,12.48,13.25,27382800,1150650000
497,2016-09-21,14.43,14.43,13.17,13.77,28645000,1214950000
498,2016-09-20,13.21,14.43,13.12,14.43,31929100,1111810000
499,2016-09-19,12.44,13.19,12.42,13.19,13838800,1045870000
500,2016-09-18,12.69,12.99,12.16,12.43,22433300,1066620000
501,2016-09-17,12.56,12.76,12.44,12.7,7446610,1055440000
502,2016-09-16,11.96,12.75,11.9,12.56,17421500,1004740000
503,2016-09-15,11.94,12.14,11.92,11.94,7309090,1002970000
504,2016-09-14,11.9,12.0,11.86,11.92,5694820,999352000
505,2016-09-13,11.89,12.09,11.88,11.92,11704300,997638000
506,2016-09-12,11.64,11.95,11.61,11.89,7478080,976645000
507,2016-09-11,12.21,12.21,11.59,11.64,8791180,1023640000
508,2016-09-10,11.66,12.22,11.54,12.17,7220300,977515000
509,2016-09-09,11.41,11.68,11.39,11.65,6109200,956210000
510,2016-09-08,11.55,11.7,11.25,11.35,11535000,967010000
511,2016-09-07,11.69,11.73,11.52,11.55,6115050,979087000
512,2016-09-06,11.73,11.73,11.47,11.69,6346330,981303000
513,2016-09-05,11.68,11.81,11.59,11.72,5724100,977169000
514,2016-09-04,11.75,11.79,11.47,11.68,7220550,982952000
515,2016-09-03,12.11,12.36,11.35,11.76,13358800,1012580000
516,2016-09-02,11.96,12.31,11.88,12.11,9368300,999757000
517,2016-09-01,11.67,12.58,11.65,11.99,24051500,974844000
518,2016-08-31,11.24,11.68,11.18,11.67,11073700,938406000
519,2016-08-30,10.99,11.3,10.96,11.23,7221260,917474000
520,2016-08-29,10.92,11.15,10.79,10.98,8130540,910698000
521,2016-08-28,11.15,11.15,10.92,10.93,5303040,929690000
522,2016-08-27,11.29,11.29,11.14,11.15,15108400,941585000
523,2016-08-26,11.35,11.45,11.21,11.3,5857850,946092000
524,2016-08-25,11.03,11.39,11.02,11.36,8552380,918977000
525,2016-08-24,11.02,11.15,11.01,11.04,4423420,918039000
526,2016-08-23,11.14,11.23,10.9,11.03,6489380,927065000
527,2016-08-22,11.19,11.34,11.07,11.12,6588920,930708000
528,2016-08-21,11.25,11.25,10.99,11.18,4355660,936015000
529,2016-08-20,10.75,11.3,10.75,11.25,7443540,893814000
530,2016-08-19,10.75,10.8,10.73,10.75,5390850,893156000
531,2016-08-18,10.75,11.01,10.74,10.76,6935800,892903000
532,2016-08-17,11.13,11.15,10.75,10.75,8833760,924591000
533,2016-08-16,11.23,11.24,11.0,11.14,7051510,932162000
534,2016-08-15,11.2,11.31,11.0,11.22,7500840,929558000
535,2016-08-14,11.58,11.69,11.1,11.19,8680160,960855000
536,2016-08-13,11.77,11.79,11.51,11.57,7539490,975999000
537,2016-08-12,11.69,12.04,11.64,11.78,13690100,968865000
538,2016-08-11,12.14,12.27,11.63,11.69,17505000,1005720000
539,2016-08-10,12.23,12.46,11.98,12.14,28096300,1012910000
540,2016-08-09,11.27,12.45,11.2,12.24,36656600,933431000
541,2016-08-08,10.91,11.33,10.86,11.25,14956700,903184000
542,2016-08-07,10.86,11.09,10.78,10.91,16551000,898340000
543,2016-08-06,10.92,10.94,10.29,10.88,16712600,902752000
544,2016-08-05,11.02,11.18,10.76,10.93,15487900,910856000
545,2016-08-04,10.31,11.29,10.16,11.04,38151400,851992000
546,2016-08-03,8.88,10.42,8.88,10.29,53979400,733204000
547,2016-08-02,10.95,11.14,8.2,8.79,88803300,903978000
548,2016-08-01,11.89,12.01,10.94,10.94,23999500,981735000
549,2016-07-31,12.44,12.51,11.55,11.88,25441400,1026310000
550,2016-07-30,12.8,12.8,12.46,12.46,9047810,1055410000
551,2016-07-29,12.84,12.87,12.55,12.79,14082300,1058220000
552,2016-07-28,12.98,12.99,12.49,12.84,24603900,1069560000
553,2016-07-27,12.05,13.31,11.84,12.97,58278800,992645000
554,2016-07-26,13.82,13.85,11.73,11.99,94428800,1137660000
555,2016-07-25,12.74,13.86,12.68,13.84,36673800,1048920000
556,2016-07-24,14.3,14.44,12.32,12.75,77750800,1176250000
557,2016-07-23,14.67,14.9,14.05,14.3,32489700,1206190000
558,2016-07-22,12.66,14.81,12.54,14.66,74779500,1040640000
559,2016-07-21,12.46,12.71,11.99,12.65,24636900,1024000000
560,2016-07-20,11.59,12.99,11.57,12.45,60226100,952143000
561,2016-07-19,11.05,12.01,11.01,11.62,21730000,907135000
562,2016-07-18,11.17,11.61,10.95,11.03,15931900,917151000
563,2016-07-17,11.62,11.67,11.01,11.16,17921600,953762000
564,2016-07-16,11.92,11.94,11.59,11.65,10445700,977658000
565,2016-07-15,11.5,12.43,11.49,11.95,26838900,942817000
566,2016-07-14,10.6,11.68,10.6,11.51,23621900,868509000
567,2016-07-13,10.51,10.59,10.4,10.5,6715660,860770000
568,2016-07-12,10.45,10.76,10.43,10.52,11127700,855555000
569,2016-07-11,10.94,11.01,10.26,10.46,13098000,895670000
570,2016-07-10,10.96,11.01,10.78,10.95,5479240,896899000
571,2016-07-09,11.42,11.46,10.73,10.97,17254800,933946000
572,2016-07-08,10.12,11.52,9.96,11.39,20039800,827090000
573,2016-07-07,10.54,10.57,9.8,10.11,15407200,861144000
574,2016-07-06,10.58,11.11,10.28,10.53,18137300,864063000
575,2016-07-05,11.46,11.52,9.58,10.61,45526900,935730000
576,2016-07-04,11.7,11.88,11.39,11.47,12943500,954849000
577,2016-07-03,12.12,12.15,11.59,11.72,10588700,989132000
578,2016-07-02,12.22,12.22,11.95,12.13,8987070,996510000
579,2016-07-01,12.44,12.49,11.73,12.2,17236500,1014220000
580,2016-06-30,12.6,12.74,12.25,12.46,15801300,1027260000
581,2016-06-29,12.17,13.04,11.69,12.61,26982800,991926000
582,2016-06-28,13.93,13.98,11.72,12.18,43436600,1134340000
583,2016-06-27,13.81,14.12,13.75,13.88,10994700,1124170000
584,2016-06-26,14.26,14.37,13.66,13.85,14747600,1160590000
585,2016-06-25,14.3,14.58,14.02,14.28,15383100,1163530000
586,2016-06-24,13.68,14.57,13.22,14.33,33332900,1112590000
587,2016-06-23,13.22,13.79,12.56,13.68,30806400,1074240000
588,2016-06-22,13.2,15.79,13.1,13.1,96994100,1072510000
589,2016-06-21,11.82,13.42,11.29,13.31,69245600,960014000
590,2016-06-20,12.24,12.45,10.52,11.84,58143600,993503000
591,2016-06-19,11.17,13.18,10.64,12.23,69783600,906292000
592,2016-06-18,15.38,15.38,9.96,11.33,133937000,1247530000
593,2016-06-17,20.65,21.52,13.57,15.38,199408000,1674540000
594,2016-06-16,18.36,20.83,18.36,20.59,38531000,1488420000
595,2016-06-15,18.91,18.91,17.71,18.35,19393400,1531790000
596,2016-06-14,17.61,19.27,17.3,18.89,64412200,1426500000
597,2016-06-13,15.77,17.64,15.72,17.6,38023400,1276930000
598,2016-06-12,14.19,15.9,14.19,15.74,38210300,1148070000
599,2016-06-11,13.91,14.19,13.72,14.19,12176500,1125180000
600,2016-06-10,14.38,14.43,13.82,13.91,11312900,1162500000
601,2016-06-09,14.43,14.57,14.34,14.4,8256830,1166450000
602,2016-06-08,14.51,14.78,14.28,14.42,16941800,1172230000
603,2016-06-07,13.95,14.51,13.81,14.51,21421600,1126330000
604,2016-06-06,14.0,14.06,13.73,13.93,8720400,1130350000
605,2016-06-05,13.76,14.07,13.57,13.97,11088400,1110690000
606,2016-06-04,13.86,13.95,13.42,13.74,15792400,1118460000
607,2016-06-03,13.74,13.87,13.25,13.85,22981500,1108220000
608,2016-06-02,13.99,14.05,13.63,13.74,10477200,1127830000
609,2016-06-01,14.11,14.32,13.44,14.0,22471300,1136900000
610,2016-05-31,12.74,14.27,12.64,14.08,42433400,1026410000
611,2016-05-30,12.33,12.88,12.27,12.73,14733800,992329000
612,2016-05-29,12.11,12.69,11.78,12.35,28598400,974784000
613,2016-05-28,11.33,12.36,10.37,11.89,47274800,911724000
614,2016-05-27,12.39,12.39,10.5,11.3,57496400,996293000
615,2016-05-26,12.52,12.99,12.06,12.43,20764000,1006080000
616,2016-05-25,12.79,12.9,11.77,12.53,27444700,1027940000
617,2016-05-24,13.31,13.77,12.01,12.73,41560600,1068670000
618,2016-05-23,14.28,14.49,13.19,13.46,23842800,1146470000
619,2016-05-22,14.04,14.35,13.77,14.29,17938900,1126810000
620,2016-05-21,13.69,14.05,13.12,14.02,24648400,1098220000
621,2016-05-20,14.85,15.05,13.38,13.64,50544100,1191080000
622,2016-05-19,13.54,14.87,13.34,14.77,53757500,1085570000
623,2016-05-18,12.18,14.26,12.18,13.56,65389900,975878000
624,2016-05-17,11.19,12.49,11.15,12.2,37198700,896505000
625,2016-05-16,9.97,11.44,9.97,11.17,29079900,798116000
626,2016-05-15,10.24,10.44,9.93,9.96,9218400,819399000
627,2016-05-14,10.51,10.62,9.81,10.24,18808000,840395000
628,2016-05-13,10.06,11.05,10.02,10.51,31276900,804647000
629,2016-05-12,10.0,10.51,9.86,10.06,24137700,798952000
630,2016-05-11,9.43,10.01,9.39,10.0,15267500,753600000
631,2016-05-10,9.28,9.48,9.26,9.36,9321790,741417000
632,2016-05-09,9.49,9.64,9.2,9.3,13085300,758000000
633,2016-05-08,9.37,9.6,8.93,9.48,15031000,748030000
634,2016-05-07,9.32,9.48,9.21,9.37,10806500,743166000
635,2016-05-06,9.81,9.95,9.04,9.35,21510600,782261000
636,2016-05-05,9.4,10.05,9.29,9.83,18296200,749038000
637,2016-05-04,9.38,10.03,9.27,9.41,17622400,747638000
638,2016-05-03,10.17,10.17,9.28,9.31,21463900,809644000
639,2016-05-02,8.89,10.32,8.85,10.16,41019200,708137000
640,2016-05-01,8.78,9.01,8.43,8.85,16713800,698377000
641,2016-04-30,7.45,9.37,7.45,8.81,36573300,592992000
642,2016-04-29,7.21,7.73,7.17,7.46,8762080,573124000
643,2016-04-28,7.74,7.91,7.17,7.17,11576000,615316000
644,2016-04-27,7.39,7.97,7.32,7.76,19254500,587076000
645,2016-04-26,7.53,7.55,7.06,7.4,17667300,597819000
646,2016-04-25,8.01,8.09,7.24,7.55,18239900,635784000
647,2016-04-24,8.29,8.47,7.96,8.0,10786400,658203000
648,2016-04-23,7.79,8.55,7.74,8.29,14565200,618147000
649,2016-04-22,8.15,8.27,7.67,7.82,13309300,646298000
650,2016-04-21,8.45,8.72,7.96,8.1,13355400,670104000
651,2016-04-20,8.69,8.83,8.31,8.47,15634700,688434000
652,2016-04-19,9.08,9.31,8.6,8.71,12899100,718825000
653,2016-04-18,9.33,9.51,8.5,9.04,21084100,738916000
654,2016-04-17,8.62,9.7,8.56,9.31,24619600,682467000
655,2016-04-16,8.24,8.65,8.11,8.61,9888460,651554000
656,2016-04-15,8.39,8.62,8.1,8.24,12179000,663169000
657,2016-04-14,8.08,8.76,8.02,8.39,13590700,638330000
658,2016-04-13,7.44,8.72,7.07,8.04,31403300,587994000
659,2016-04-12,8.64,8.64,7.15,7.44,23190100,682395000
660,2016-04-11,8.94,8.95,8.0,8.64,15138100,706074000
661,2016-04-10,9.15,9.22,7.46,8.94,42613400,722133000
662,2016-04-09,9.69,10.09,9.07,9.15,16194800,764797000
663,2016-04-08,10.08,10.39,9.66,9.72,14660600,794705000
664,2016-04-07,10.7,10.81,9.95,10.07,13464500,843091000
665,2016-04-06,10.45,10.97,10.28,10.69,16997100,823420000
666,2016-04-05,11.21,11.21,10.13,10.44,20557300,883170000
667,2016-04-04,11.62,11.62,11.02,11.16,9599070,914560000
668,2016-04-03,11.63,11.71,11.51,11.62,5580550,915175000
669,2016-04-02,11.63,11.69,11.4,11.6,8682620,914995000
670,2016-04-01,11.4,11.85,11.4,11.66,11373100,896537000
671,2016-03-31,11.92,12.01,11.32,11.4,14966700,936992000
672,2016-03-30,11.61,12.18,11.47,11.95,19351200,911902000
673,2016-03-29,11.75,11.91,11.35,11.66,17684200,923114000
674,2016-03-28,10.43,11.86,10.41,11.67,23188300,819007000
675,2016-03-27,10.99,11.05,10.11,10.42,16744800,862211000
676,2016-03-26,10.77,11.18,10.59,10.97,9425480,844742000
677,2016-03-25,11.26,11.37,10.53,10.74,13782000,883012000
678,2016-03-24,12.44,12.5,10.8,11.23,26081800,975295000
679,2016-03-23,11.33,12.43,11.24,12.42,19353200,887595000
680,2016-03-22,11.88,12.03,11.18,11.27,19730300,929610000
681,2016-03-21,10.3,12.01,10.16,11.86,28572600,805997000
682,2016-03-20,10.52,10.9,9.57,10.32,17651100,822297000
683,2016-03-19,11.2,11.2,9.78,10.53,26735700,875689000
684,2016-03-18,11.11,11.18,8.52,11.0,53956800,867949000
685,2016-03-17,12.56,12.64,10.44,11.08,41650600,977389000
686,2016-03-16,13.02,13.73,12.5,12.52,24335500,1013020000
687,2016-03-15,13.0,13.2,12.05,13.01,28404500,1011090000
688,2016-03-14,14.51,15.01,11.58,12.45,58385100,1128180000
689,2016-03-13,13.51,15.26,13.47,14.47,43915100,1049930000
690,2016-03-12,11.13,13.53,11.09,13.53,48957300,864733000
691,2016-03-11,11.22,11.6,10.39,11.08,21002700,871511000
692,2016-03-10,11.88,12.24,10.99,11.3,26851500,922452000
693,2016-03-09,9.79,12.05,9.67,11.9,27540500,760017000
694,2016-03-08,9.58,10.17,8.82,9.85,25524300,743456000
695,2016-03-07,11.43,11.65,9.31,9.55,34085100,886447000
696,2016-03-06,11.2,11.84,9.99,11.38,39112000,868736000
697,2016-03-05,10.37,12.27,9.97,11.0,56439600,803827000
698,2016-03-04,9.24,10.41,8.48,10.41,35520100,716027000
699,2016-03-03,8.44,10.1,8.33,9.29,40314900,653959000
700,2016-03-02,7.63,8.75,7.37,8.47,29130200,591078000
701,2016-03-01,6.32,7.91,6.31,7.65,23098100,489188000
702,2016-02-29,6.46,6.61,6.05,6.34,7648020,499587000
703,2016-02-28,6.41,6.62,6.24,6.47,9851660,495545000
704,2016-02-27,5.96,6.53,5.92,6.43,8903210,461169000
705,2016-02-26,6.04,6.27,5.74,5.92,9526860,466797000
706,2016-02-25,6.19,6.65,5.55,6.1,21471800,478149000
707,2016-02-24,5.6,6.24,5.51,6.24,11426500,432977000
708,2016-02-23,5.68,5.95,5.39,5.59,13380600,439084000
709,2016-02-22,4.66,5.65,4.64,5.62,15056200,360185000
710,2016-02-21,4.36,4.71,4.23,4.65,6413550,336572000
711,2016-02-20,4.68,4.75,4.13,4.34,8631090,361281000
712,2016-02-19,4.38,4.79,4.27,4.74,7666320,338222000
713,2016-02-18,3.77,4.77,3.42,4.4,17054000,291068000
714,2016-02-17,4.29,4.77,3.5,3.76,15451000,330635000
715,2016-02-16,5.33,5.47,4.03,4.32,15889100,410605000
716,2016-02-15,5.33,5.89,5.02,5.29,13934200,410643000
717,2016-02-14,5.4,5.47,4.45,5.24,11226500,416193000
718,2016-02-13,5.69,5.72,4.19,5.39,24218800,437667000
719,2016-02-12,5.95,6.58,5.07,5.55,23360800,457618000
720,2016-02-11,4.5,6.29,4.34,6.01,26408200,345964000
721,2016-02-10,4.0,4.86,3.78,4.44,28640400,307684000
722,2016-02-09,3.17,4.04,3.17,4.04,17954000,244110000
723,2016-02-08,2.97,3.27,2.88,3.18,9725690,228504000
724,2016-02-07,2.54,3.06,2.54,2.96,7007060,194884000
725,2016-02-06,2.53,2.56,2.47,2.53,1921240,194621000
726,2016-02-05,2.57,2.61,2.47,2.54,2636700,197363000
727,2016-02-04,2.53,2.63,2.44,2.58,3552320,194126000
728,2016-02-03,2.43,2.54,2.34,2.53,3987750,186609000
729,2016-02-02,2.22,2.45,2.16,2.44,3451270,169923000
730,2016-02-01,2.32,2.32,2.12,2.21,3994100,177881000
731,2016-01-31,2.44,2.53,2.19,2.31,5847500,187289000
732,2016-01-30,2.51,2.61,2.4,2.45,3725080,192176000
733,2016-01-29,2.54,2.61,2.3,2.49,6662340,194815000
734,2016-01-28,2.41,2.68,2.34,2.53,4903850,184294000
735,2016-01-27,2.25,2.59,2.19,2.39,6961080,172061000
736,2016-01-26,2.53,2.84,1.99,2.28,13939200,193838000
737,2016-01-25,2.15,2.66,2.06,2.5,10739300,164313000
738,2016-01-24,1.9,2.3,1.9,2.14,9669770,145358000
739,2016-01-23,1.5,2.03,1.5,1.97,7370980,115002000
740,2016-01-22,1.55,1.58,1.47,1.5,1567240,118244000
741,2016-01-21,1.53,1.59,1.49,1.55,1614960,117111000
742,2016-01-20,1.36,1.62,1.35,1.53,2933220,104124000
743,2016-01-19,1.42,1.46,1.31,1.37,2446740,108628000
744,2016-01-18,1.33,1.54,1.32,1.43,4278930,101699000
745,2016-01-17,1.22,1.33,1.21,1.33,1171150,93207300
746,2016-01-16,1.22,1.31,1.17,1.22,2462630,93099400
747,2016-01-15,1.18,1.32,1.14,1.21,3910550,90321700
748,2016-01-14,1.12,1.19,1.1,1.19,751961,85539300
749,2016-01-13,1.14,1.15,1.08,1.13,1005910,86530000
750,2016-01-12,1.07,1.28,1.05,1.14,2898760,81217300
751,2016-01-11,0.999216,1.07,0.999216,1.06,1011920,76096500
752,2016-01-10,0.985557,1.0,0.975099,0.999231,390888,75031200
753,2016-01-09,0.985501,0.992345,0.9736,0.986833,226281,75001800
754,2016-01-08,0.942752,0.991825,0.939715,0.986789,545600,71724000
755,2016-01-07,0.955801,0.974623,0.93583,0.942005,647462,72692900
756,2016-01-06,0.950028,0.960659,0.935708,0.95086,308791,72229700
757,2016-01-05,0.953147,0.970597,0.946543,0.950176,219833,72442400
758,2016-01-04,0.972045,0.976438,0.929835,0.95448,346245,73853900
759,2016-01-03,0.93843,0.991362,0.934313,0.971905,407632,71275900
760,2016-01-02,0.947401,0.969637,0.93656,0.937124,255504,71933100
761,2016-01-01,0.933712,0.954822,0.931442,0.948024,206062,70870900
762,2015-12-31,0.912098,0.975414,0.910277,0.933542,663994,69207400
763,2015-12-30,0.874258,0.941099,0.866647,0.911958,604078,66314200
764,2015-12-29,0.843835,0.873054,0.833232,0.873054,215742,63985600
765,2015-12-28,0.856356,0.872394,0.832932,0.845005,235134,64913200
766,2015-12-27,0.853166,0.861538,0.841151,0.856365,164565,64650000
767,2015-12-26,0.870766,0.897453,0.838314,0.854603,425282,65961900
768,2015-12-25,0.861993,0.882556,0.861993,0.870363,187114,65275400
769,2015-12-24,0.859433,0.882818,0.8476,0.863262,354646,65060000
770,2015-12-23,0.861782,0.88294,0.856065,0.858077,334993,65215800
771,2015-12-22,0.894973,0.909526,0.862059,0.864202,454249,67704600
772,2015-12-21,0.906065,0.91739,0.891182,0.900771,549113,68521200
773,2015-12-20,0.90824,0.943185,0.899441,0.903885,472164,68663100
774,2015-12-19,0.921524,0.925874,0.888916,0.908072,343535,69644200
775,2015-12-18,0.938327,0.939493,0.908081,0.920127,300787,70890600
776,2015-12-17,0.993043,0.997611,0.911807,0.940701,640765,74999300
777,2015-12-16,1.02,1.02,0.974927,0.991182,320767,76791600
778,2015-12-15,0.990589,1.03,0.98224,1.01,578618,74764100
779,2015-12-14,0.95662,1.01,0.950178,0.993022,563436,72176400
780,2015-12-13,0.971538,0.989394,0.937438,0.952884,273614,73276400
781,2015-12-12,0.931196,1.05,0.928546,0.976973,1376280,70210000
782,2015-12-11,0.839995,0.929762,0.819789,0.929762,801072,63312400
783,2015-12-10,0.79559,0.86159,0.787291,0.840396,369589,59945000
784,2015-12-09,0.824454,0.824454,0.770488,0.792167,624221,62098400
785,2015-12-08,0.806024,0.823645,0.782328,0.822118,445903,60690400
786,2015-12-07,0.836322,0.850791,0.78765,0.811264,520409,62950900
787,2015-12-06,0.866417,0.882436,0.833115,0.8355,443608,65194900
788,2015-12-05,0.841195,0.872821,0.824444,0.862438,232743,63276000
789,2015-12-04,0.812082,0.859575,0.802373,0.840041,241278,61065700
790,2015-12-03,0.818546,0.837664,0.785086,0.812143,539969,61530500
791,2015-12-02,0.873171,0.878017,0.818924,0.82121,506307,65615700
792,2015-12-01,0.878316,0.886736,0.853937,0.8748,652857,65980000
793,2015-11-30,0.879951,0.895054,0.847696,0.873119,784439,66080400
794,2015-11-29,0.914144,0.914153,0.860533,0.878614,448358,68625100
795,2015-11-28,0.868102,0.929293,0.862122,0.915703,462464,65147000
796,2015-11-27,0.8821,0.900051,0.860695,0.867951,403813,66174600
797,2015-11-26,0.863273,0.903643,0.80436,0.884183,947473,64740900
798,2015-11-25,0.893827,0.899493,0.851106,0.863537,622991,67010200
799,2015-11-24,0.946442,0.948055,0.895931,0.900191,524195,70931100
800,2015-11-23,0.967493,0.969057,0.93387,0.946969,441875,72484200
801,2015-11-22,0.979765,0.984132,0.958982,0.968018,372173,73378800
802,2015-11-21,0.928758,0.978743,0.92094,0.97614,455976,69535300
803,2015-11-20,0.955735,0.955735,0.898576,0.92492,614335,71532500
804,2015-11-19,0.988713,1.01,0.937498,0.955532,443528,73976100
805,2015-11-18,0.993214,1.01,0.940516,0.993319,681104,74287700
806,2015-11-17,0.924948,1.03,0.905794,1.01,1145440,69157900
807,2015-11-16,0.906166,0.944732,0.891971,0.928962,620945,67730700
808,2015-11-15,0.891217,0.921516,0.874957,0.906368,411848,66590200
809,2015-11-14,0.905469,0.906113,0.876908,0.888812,372514,67631900
810,2015-11-13,0.907722,0.917309,0.846023,0.904096,543671,67777000
811,2015-11-12,0.796455,0.913919,0.76351,0.895711,806156,59448700
812,2015-11-11,0.941296,0.945278,0.729775,0.791829,1278580,70236200
813,2015-11-10,1.0,1.05,0.920968,0.934348,854581,74685300
814,2015-11-09,1.03,1.11,0.945263,0.999278,2045290,76991800
815,2015-11-08,0.915661,1.03,0.915661,1.03,1021460,68254300
816,2015-11-07,0.923732,0.943787,0.863539,0.927974,890187,68833200
817,2015-11-06,0.904772,0.989848,0.852929,0.926032,913666,67397100
818,2015-11-05,0.900699,0.991259,0.860382,0.895637,1179840,67070700
819,2015-11-04,1.01,1.04,0.725665,0.89905,3060340,75232400
820,2015-11-03,0.994568,1.07,0.936615,1.01,1907690,74010000
821,2015-11-02,1.06,1.1,0.953647,0.989789,1145200,78701400
822,2015-11-01,0.920847,1.08,0.899082,1.06,588913,68477200
823,2015-10-31,1.05,1.06,0.900171,0.916627,673892,77800300
824,2015-10-30,1.21,1.35,0.96816,1.04,2429200,89857400
825,2015-10-29,1.01,1.21,0.947374,1.21,2279240,74675600
826,2015-10-28,0.870938,1.06,0.807857,1.0,2373050,64676600
827,2015-10-27,0.70889,0.898172,0.70889,0.869641,1846370,52624300
828,2015-10-26,0.619743,0.757517,0.597098,0.731317,1089120,45991300
829,2015-10-25,0.563207,0.688192,0.561383,0.616039,635384,41781300
830,2015-10-24,0.539681,0.577396,0.518688,0.56359,258356,40022100
831,2015-10-23,0.56637,0.611743,0.504284,0.539657,878822,41986400
832,2015-10-22,0.444988,0.619466,0.420991,0.567702,924822,32977300
833,2015-10-21,0.431589,0.482988,0.420897,0.447329,609085,31973600
834,2015-10-20,0.489629,0.501898,0.431648,0.434829,383921,36261200
835,2015-10-19,0.517621,0.521546,0.480994,0.489014,243742,38321300
836,2015-10-18,0.547913,0.552234,0.512861,0.517734,133690,40550400
837,2015-10-17,0.534117,0.56346,0.526961,0.547178,313860,39515900
838,2015-10-16,0.562593,0.568861,0.522533,0.536495,249891,41608900
839,2015-10-15,0.523278,0.572714,0.51473,0.561878,371022,38688300
840,2015-10-14,0.61224,0.61224,0.483974,0.522968,971664,45250600
841,2015-10-13,0.627943,0.63024,0.599214,0.607655,303044,46395200
842,2015-10-12,0.634515,0.657789,0.62603,0.62603,109567,46864200
843,2015-10-11,0.627461,0.639506,0.618335,0.634963,102128,46327500
844,2015-10-10,0.641187,0.649022,0.624374,0.627857,141555,47325200
845,2015-10-09,0.655084,0.692296,0.632116,0.650628,386420,48334900
846,2015-10-08,0.609501,0.633138,0.591971,0.621716,310266,44955900
847,2015-10-07,0.650515,0.656301,0.602423,0.609388,218327,47964700
848,2015-10-06,0.622218,0.653944,0.60623,0.650645,262674,45863300
849,2015-10-05,0.666784,0.674438,0.62445,0.628643,234263,49131600
850,2015-10-04,0.686343,0.693126,0.660716,0.668379,103497,50556000
851,2015-10-03,0.678783,0.709204,0.675482,0.687171,163326,49981900
852,2015-10-02,0.683732,0.69112,0.654605,0.678574,219318,50328700
853,2015-10-01,0.734307,0.734307,0.655906,0.690215,596084,54032300
854,2015-09-30,0.661192,0.746722,0.635861,0.738644,619926,48636600
855,2015-09-29,0.579414,0.67583,0.558346,0.661146,913992,42607700
856,2015-09-28,0.723715,0.725677,0.557062,0.582886,1320890,53201800
857,2015-09-27,0.791277,0.791277,0.719169,0.720839,413801,58149600
858,2015-09-26,0.73763,0.787544,0.709328,0.785964,369620,54188900
859,2015-09-25,0.820031,0.825665,0.712745,0.736223,903457,60221400
860,2015-09-24,0.896796,0.908571,0.79346,0.81361,842505,65836400
861,2015-09-23,0.90356,0.90891,0.885136,0.893406,200541,66309600
862,2015-09-22,0.919337,0.919337,0.865225,0.901796,487914,67444200
863,2015-09-21,0.941496,0.957326,0.878301,0.919047,424039,69045900
864,2015-09-20,0.881191,0.947741,0.873205,0.938445,508314,64600000
865,2015-09-19,0.849603,0.911883,0.833784,0.882391,386988,62262700
866,2015-09-18,0.874574,0.888102,0.833908,0.853685,484622,64071300
867,2015-09-17,0.906865,0.909204,0.831132,0.874231,897940,66415200
868,2015-09-16,0.941977,0.952698,0.901639,0.907175,615593,68963300
869,2015-09-15,0.875189,1.05,0.875189,0.94441,703390,64052400
870,2015-09-14,0.940566,0.949387,0.87176,0.875622,741085,68814400
871,2015-09-13,1.04,1.04,0.902832,0.936003,644138,76193600
872,2015-09-12,0.987228,1.11,0.96978,1.04,772430,72179000
873,2015-09-11,1.16,1.17,0.940675,0.982978,1942600,85144300
874,2015-09-10,1.21,1.22,1.14,1.17,662782,88230500
875,2015-09-09,1.24,1.26,1.2,1.21,366748,90518300
876,2015-09-08,1.25,1.28,1.23,1.24,427892,91020700
877,2015-09-07,1.3,1.31,1.24,1.25,489014,94585300
878,2015-09-06,1.34,1.37,1.29,1.3,491968,97625500
879,2015-09-05,1.28,1.34,1.27,1.34,448453,93402300
880,2015-09-04,1.26,1.3,1.24,1.27,474391,92234100
881,2015-09-03,1.3,1.31,1.21,1.26,702991,94418700
882,2015-09-02,1.35,1.35,1.26,1.29,883769,98504600
883,2015-09-01,1.35,1.39,1.34,1.35,778862,98617200
884,2015-08-31,1.32,1.4,1.2,1.36,1447180,96251000
885,2015-08-30,1.18,1.37,1.17,1.32,1337650,86145900
886,2015-08-29,1.19,1.21,1.15,1.18,375377,86887600
887,2015-08-28,1.15,1.21,1.12,1.19,721872,83521700
888,2015-08-27,1.17,1.19,1.14,1.15,686662,85106100
889,2015-08-26,1.13,1.2,1.06,1.16,1056750,82384400
890,2015-08-25,1.23,1.24,1.13,1.14,1307180,89321900
891,2015-08-24,1.35,1.36,1.23,1.23,924920,97791600
892,2015-08-23,1.38,1.41,1.3,1.35,1589300,99894500
893,2015-08-22,1.4,1.48,1.35,1.38,948310,101404000
894,2015-08-21,1.48,1.56,1.35,1.4,2020970,107266000
895,2015-08-20,1.25,1.53,1.25,1.46,2843760,90809000
896,2015-08-19,1.17,1.32,1.17,1.26,1486240,84663900
897,2015-08-18,1.22,1.33,1.09,1.09,1485680,88143200
898,2015-08-17,1.58,1.58,1.19,1.2,1942830,95819700
899,2015-08-16,1.68,1.7,1.09,1.57,3550790,102028000
900,2015-08-15,1.8,1.88,1.57,1.69,2554360,109160000
901,2015-08-14,1.81,2.26,1.75,1.83,4637030,109594000
902,2015-08-13,1.22,1.97,1.17,1.83,4068680,73935400
903,2015-08-12,1.06,1.29,0.883608,1.22,2150620,64018400
904,2015-08-11,0.708087,1.13,0.663235,1.07,1463100,42796500
905,2015-08-10,0.713989,0.729854,0.636546,0.708448,405283,43130000
906,2015-08-09,0.706136,0.87981,0.629191,0.701897,532170,42637600
907,2015-08-08,2.79,2.8,0.714725,0.753325,674188,167911000
908,2015-08-07,2.83,3.54,2.52,2.77,164329,-
